Source Site Name,Desctination Site Name,List Name,Name,Type,Field Old Json,Field New Json
Dev - Test,ST - Test,List1,Field1,Field,,"{""$schema"":""https://developer.microsoft.com/json-schemas/sp/v2/column-formatting.schema.json"",""elmType"":""div"",""style"":{""display"":""flex"",""width"":""100%"",""height"":""100%"",""align-items"":""center""},""children"":[{""elmType"":""div"",""style"":{""display"":""flex"",""width"":""60px"",""height"":""30px"",""border-radius"":""15px"",""align-items"":""center"",""flex-direction"":""=if(@currentField , 'row' , 'row-reverse')"",""margin"":""0 auto""},""attributes"":{""class"":""=if(@currentField , 'ms-bgColor-yellow' , 'ms-bgColor-neutralTertiaryAlt ')""},""children"":[{""elmType"":""div"",""style"":{""display"":""flex"",""align-items"":""center"",""justify-content"":""center"",""font-size"":""12px"",""width"":""18px"",""height"":""18px"",""margin-left"":""=if(@currentField , '7px' , '5px')"",""margin-right"":""=if(@currentField , '5px' , '7px')""},""attributes"":{""class"":""ms-fontColor-white""},""txtContent"":""@currentField.displayValue""},{""elmType"":""div"",""style"":{""display"":""flex"",""align-items"":""center"",""justify-content"":""center"",""font-size"":""22px"",""width"":""18px"",""height"":""18px"",""margin-left"":""6px"",""margin-right"":""6px"",""border-radius"":""50%""},""attributes"":{""class"":""ms-fontColor-white"",""iconName"":""StatusCircleInner""}}]}]}"
Dev - Test,ST - Test,List1,Field2,Field,,"{""$schema"":""https://developer.microsoft.com/json-schemas/sp/v2/column-formatting.schema.json"",""elmType"":""div"",""style"":{""display"":""flex"",""width"":""100%"",""height"":""100%"",""align-items"":""center""},""children"":[{""elmType"":""div"",""style"":{""display"":""flex"",""width"":""60px"",""height"":""30px"",""border-radius"":""15px"",""align-items"":""center"",""flex-direction"":""=if(@currentField , 'row' , 'row-reverse')"",""margin"":""0 auto""},""attributes"":{""class"":""=if(@currentField , 'ms-bgColor-yellow' , 'ms-bgColor-neutralTertiaryAlt ')""},""children"":[{""elmType"":""div"",""style"":{""display"":""flex"",""align-items"":""center"",""justify-content"":""center"",""font-size"":""12px"",""width"":""18px"",""height"":""18px"",""margin-left"":""=if(@currentField , '7px' , '5px')"",""margin-right"":""=if(@currentField , '5px' , '7px')""},""attributes"":{""class"":""ms-fontColor-white""},""txtContent"":""@currentField.displayValue""},{""elmType"":""div"",""style"":{""display"":""flex"",""align-items"":""center"",""justify-content"":""center"",""font-size"":""22px"",""width"":""18px"",""height"":""18px"",""margin-left"":""6px"",""margin-right"":""6px"",""border-radius"":""50%""},""attributes"":{""class"":""ms-fontColor-white"",""iconName"":""StatusCircleInner""}}]}]}"
Dev - Test,ST - Test,List1,Field3,Field,,"{""$schema"":""https://developer.microsoft.com/json-schemas/sp/v2/column-formatting.schema.json"",""elmType"":""div"",""style"":{""display"":""flex"",""width"":""100%"",""height"":""100%"",""align-items"":""center""},""children"":[{""elmType"":""div"",""style"":{""display"":""flex"",""width"":""60px"",""height"":""30px"",""border-radius"":""15px"",""align-items"":""center"",""flex-direction"":""=if(@currentField , 'row' , 'row-reverse')"",""margin"":""0 auto""},""attributes"":{""class"":""=if(@currentField , 'ms-bgColor-yellow' , 'ms-bgColor-neutralTertiaryAlt ')""},""children"":[{""elmType"":""div"",""style"":{""display"":""flex"",""align-items"":""center"",""justify-content"":""center"",""font-size"":""12px"",""width"":""18px"",""height"":""18px"",""margin-left"":""=if(@currentField , '7px' , '5px')"",""margin-right"":""=if(@currentField , '5px' , '7px')""},""attributes"":{""class"":""ms-fontColor-white""},""txtContent"":""@currentField.displayValue""},{""elmType"":""div"",""style"":{""display"":""flex"",""align-items"":""center"",""justify-content"":""center"",""font-size"":""22px"",""width"":""18px"",""height"":""18px"",""margin-left"":""6px"",""margin-right"":""6px"",""border-radius"":""50%""},""attributes"":{""class"":""ms-fontColor-white"",""iconName"":""StatusCircleInner""}}]}]}"
Dev - Test,ST - Test,List1,Field4,Field,,"{""$schema"":""https://developer.microsoft.com/json-schemas/sp/v2/column-formatting.schema.json"",""elmType"":""div"",""style"":{""display"":""flex"",""width"":""100%"",""height"":""100%"",""align-items"":""center""},""children"":[{""elmType"":""div"",""style"":{""display"":""flex"",""width"":""60px"",""height"":""30px"",""border-radius"":""15px"",""align-items"":""center"",""flex-direction"":""=if(@currentField , 'row' , 'row-reverse')"",""margin"":""0 auto""},""attributes"":{""class"":""=if(@currentField , 'ms-bgColor-yellow' , 'ms-bgColor-neutralTertiaryAlt ')""},""children"":[{""elmType"":""div"",""style"":{""display"":""flex"",""align-items"":""center"",""justify-content"":""center"",""font-size"":""12px"",""width"":""18px"",""height"":""18px"",""margin-left"":""=if(@currentField , '7px' , '5px')"",""margin-right"":""=if(@currentField , '5px' , '7px')""},""attributes"":{""class"":""ms-fontColor-white""},""txtContent"":""@currentField.displayValue""},{""elmType"":""div"",""style"":{""display"":""flex"",""align-items"":""center"",""justify-content"":""center"",""font-size"":""22px"",""width"":""18px"",""height"":""18px"",""margin-left"":""6px"",""margin-right"":""6px"",""border-radius"":""50%""},""attributes"":{""class"":""ms-fontColor-white"",""iconName"":""StatusCircleInner""}}]}]}"
Dev - Test,ST - Test,List1,Field5,Field,,"{""$schema"":""https://developer.microsoft.com/json-schemas/sp/v2/column-formatting.schema.json"",""elmType"":""div"",""style"":{""display"":""flex"",""width"":""100%"",""height"":""100%"",""align-items"":""center""},""children"":[{""elmType"":""div"",""style"":{""display"":""flex"",""width"":""60px"",""height"":""30px"",""border-radius"":""15px"",""align-items"":""center"",""flex-direction"":""=if(@currentField , 'row' , 'row-reverse')"",""margin"":""0 auto""},""attributes"":{""class"":""=if(@currentField , 'ms-bgColor-yellow' , 'ms-bgColor-neutralTertiaryAlt ')""},""children"":[{""elmType"":""div"",""style"":{""display"":""flex"",""align-items"":""center"",""justify-content"":""center"",""font-size"":""12px"",""width"":""18px"",""height"":""18px"",""margin-left"":""=if(@currentField , '7px' , '5px')"",""margin-right"":""=if(@currentField , '5px' , '7px')""},""attributes"":{""class"":""ms-fontColor-white""},""txtContent"":""@currentField.displayValue""},{""elmType"":""div"",""style"":{""display"":""flex"",""align-items"":""center"",""justify-content"":""center"",""font-size"":""22px"",""width"":""18px"",""height"":""18px"",""margin-left"":""6px"",""margin-right"":""6px"",""border-radius"":""50%""},""attributes"":{""class"":""ms-fontColor-white"",""iconName"":""StatusCircleInner""}}]}]}"
Dev - Test,ST - Test,List1,Field6,Field,,"{""$schema"":""https://developer.microsoft.com/json-schemas/sp/v2/column-formatting.schema.json"",""elmType"":""div"",""style"":{""display"":""flex"",""width"":""100%"",""height"":""100%"",""align-items"":""center""},""children"":[{""elmType"":""div"",""style"":{""display"":""flex"",""width"":""60px"",""height"":""30px"",""border-radius"":""15px"",""align-items"":""center"",""flex-direction"":""=if(@currentField , 'row' , 'row-reverse')"",""margin"":""0 auto""},""attributes"":{""class"":""=if(@currentField , 'ms-bgColor-yellow' , 'ms-bgColor-neutralTertiaryAlt ')""},""children"":[{""elmType"":""div"",""style"":{""display"":""flex"",""align-items"":""center"",""justify-content"":""center"",""font-size"":""12px"",""width"":""18px"",""height"":""18px"",""margin-left"":""=if(@currentField , '7px' , '5px')"",""margin-right"":""=if(@currentField , '5px' , '7px')""},""attributes"":{""class"":""ms-fontColor-white""},""txtContent"":""@currentField.displayValue""},{""elmType"":""div"",""style"":{""display"":""flex"",""align-items"":""center"",""justify-content"":""center"",""font-size"":""22px"",""width"":""18px"",""height"":""18px"",""margin-left"":""6px"",""margin-right"":""6px"",""border-radius"":""50%""},""attributes"":{""class"":""ms-fontColor-white"",""iconName"":""StatusCircleInner""}}]}]}"
Dev - Test,ST - Test,List2,Field7,Field,,"{""$schema"":""https://developer.microsoft.com/json-schemas/sp/v2/column-formatting.schema.json"",""elmType"":""div"",""style"":{""display"":""flex"",""width"":""100%"",""height"":""100%"",""align-items"":""center""},""children"":[{""elmType"":""div"",""style"":{""display"":""flex"",""width"":""60px"",""height"":""30px"",""border-radius"":""15px"",""align-items"":""center"",""flex-direction"":""=if(@currentField , 'row' , 'row-reverse')"",""margin"":""0 auto""},""attributes"":{""class"":""=if(@currentField , 'ms-bgColor-yellow' , 'ms-bgColor-neutralTertiaryAlt ')""},""children"":[{""elmType"":""div"",""style"":{""display"":""flex"",""align-items"":""center"",""justify-content"":""center"",""font-size"":""12px"",""width"":""18px"",""height"":""18px"",""margin-left"":""=if(@currentField , '7px' , '5px')"",""margin-right"":""=if(@currentField , '5px' , '7px')""},""attributes"":{""class"":""ms-fontColor-white""},""txtContent"":""@currentField.displayValue""},{""elmType"":""div"",""style"":{""display"":""flex"",""align-items"":""center"",""justify-content"":""center"",""font-size"":""22px"",""width"":""18px"",""height"":""18px"",""margin-left"":""6px"",""margin-right"":""6px"",""border-radius"":""50%""},""attributes"":{""class"":""ms-fontColor-white"",""iconName"":""StatusCircleInner""}}]}]}"
Dev - Test,ST - Test,List2,Field8,Field,,"{""$schema"":""https://developer.microsoft.com/json-schemas/sp/v2/column-formatting.schema.json"",""elmType"":""div"",""style"":{""display"":""flex"",""width"":""100%"",""height"":""100%"",""align-items"":""center""},""children"":[{""elmType"":""div"",""style"":{""display"":""flex"",""width"":""60px"",""height"":""30px"",""border-radius"":""15px"",""align-items"":""center"",""flex-direction"":""=if(@currentField , 'row' , 'row-reverse')"",""margin"":""0 auto""},""attributes"":{""class"":""=if(@currentField , 'ms-bgColor-yellow' , 'ms-bgColor-neutralTertiaryAlt ')""},""children"":[{""elmType"":""div"",""style"":{""display"":""flex"",""align-items"":""center"",""justify-content"":""center"",""font-size"":""12px"",""width"":""18px"",""height"":""18px"",""margin-left"":""=if(@currentField , '7px' , '5px')"",""margin-right"":""=if(@currentField , '5px' , '7px')""},""attributes"":{""class"":""ms-fontColor-white""},""txtContent"":""@currentField.displayValue""},{""elmType"":""div"",""style"":{""display"":""flex"",""align-items"":""center"",""justify-content"":""center"",""font-size"":""22px"",""width"":""18px"",""height"":""18px"",""margin-left"":""6px"",""margin-right"":""6px"",""border-radius"":""50%""},""attributes"":{""class"":""ms-fontColor-white"",""iconName"":""StatusCircleInner""}}]}]}"
Dev - Test,ST - Test,List2,Field9,Field,,"{""$schema"":""https://developer.microsoft.com/json-schemas/sp/v2/column-formatting.schema.json"",""elmType"":""div"",""style"":{""display"":""flex"",""width"":""100%"",""height"":""100%"",""align-items"":""center""},""children"":[{""elmType"":""div"",""style"":{""display"":""flex"",""width"":""60px"",""height"":""30px"",""border-radius"":""15px"",""align-items"":""center"",""flex-direction"":""=if(@currentField , 'row' , 'row-reverse')"",""margin"":""0 auto""},""attributes"":{""class"":""=if(@currentField , 'ms-bgColor-yellow' , 'ms-bgColor-neutralTertiaryAlt ')""},""children"":[{""elmType"":""div"",""style"":{""display"":""flex"",""align-items"":""center"",""justify-content"":""center"",""font-size"":""12px"",""width"":""18px"",""height"":""18px"",""margin-left"":""=if(@currentField , '7px' , '5px')"",""margin-right"":""=if(@currentField , '5px' , '7px')""},""attributes"":{""class"":""ms-fontColor-white""},""txtContent"":""@currentField.displayValue""},{""elmType"":""div"",""style"":{""display"":""flex"",""align-items"":""center"",""justify-content"":""center"",""font-size"":""22px"",""width"":""18px"",""height"":""18px"",""margin-left"":""6px"",""margin-right"":""6px"",""border-radius"":""50%""},""attributes"":{""class"":""ms-fontColor-white"",""iconName"":""StatusCircleInner""}}]}]}"
Dev - Test,ST - Test,List2,Field10,Field,,"{""$schema"":""https://developer.microsoft.com/json-schemas/sp/v2/column-formatting.schema.json"",""elmType"":""div"",""style"":{""display"":""flex"",""width"":""100%"",""height"":""100%"",""align-items"":""center""},""children"":[{""elmType"":""div"",""style"":{""display"":""flex"",""width"":""60px"",""height"":""30px"",""border-radius"":""15px"",""align-items"":""center"",""flex-direction"":""=if(@currentField , 'row' , 'row-reverse')"",""margin"":""0 auto""},""attributes"":{""class"":""=if(@currentField , 'ms-bgColor-yellow' , 'ms-bgColor-neutralTertiaryAlt ')""},""children"":[{""elmType"":""div"",""style"":{""display"":""flex"",""align-items"":""center"",""justify-content"":""center"",""font-size"":""12px"",""width"":""18px"",""height"":""18px"",""margin-left"":""=if(@currentField , '7px' , '5px')"",""margin-right"":""=if(@currentField , '5px' , '7px')""},""attributes"":{""class"":""ms-fontColor-white""},""txtContent"":""@currentField.displayValue""},{""elmType"":""div"",""style"":{""display"":""flex"",""align-items"":""center"",""justify-content"":""center"",""font-size"":""22px"",""width"":""18px"",""height"":""18px"",""margin-left"":""6px"",""margin-right"":""6px"",""border-radius"":""50%""},""attributes"":{""class"":""ms-fontColor-white"",""iconName"":""StatusCircleInner""}}]}]}"
Dev - Test,ST - Test,List2,Field11,Field,,"{""$schema"":""https://developer.microsoft.com/json-schemas/sp/v2/column-formatting.schema.json"",""elmType"":""div"",""style"":{""display"":""flex"",""width"":""100%"",""height"":""100%"",""align-items"":""center""},""children"":[{""elmType"":""div"",""style"":{""display"":""flex"",""width"":""60px"",""height"":""30px"",""border-radius"":""15px"",""align-items"":""center"",""flex-direction"":""=if(@currentField , 'row' , 'row-reverse')"",""margin"":""0 auto""},""attributes"":{""class"":""=if(@currentField , 'ms-bgColor-yellow' , 'ms-bgColor-neutralTertiaryAlt ')""},""children"":[{""elmType"":""div"",""style"":{""display"":""flex"",""align-items"":""center"",""justify-content"":""center"",""font-size"":""12px"",""width"":""18px"",""height"":""18px"",""margin-left"":""=if(@currentField , '7px' , '5px')"",""margin-right"":""=if(@currentField , '5px' , '7px')""},""attributes"":{""class"":""ms-fontColor-white""},""txtContent"":""@currentField.displayValue""},{""elmType"":""div"",""style"":{""display"":""flex"",""align-items"":""center"",""justify-content"":""center"",""font-size"":""22px"",""width"":""18px"",""height"":""18px"",""margin-left"":""6px"",""margin-right"":""6px"",""border-radius"":""50%""},""attributes"":{""class"":""ms-fontColor-white"",""iconName"":""StatusCircleInner""}}]}]}"
Dev - Test,ST - Test,List2,Field12,Field,,"{""$schema"":""https://developer.microsoft.com/json-schemas/sp/v2/column-formatting.schema.json"",""elmType"":""div"",""style"":{""display"":""flex"",""width"":""100%"",""height"":""100%"",""align-items"":""center""},""children"":[{""elmType"":""div"",""style"":{""display"":""flex"",""width"":""60px"",""height"":""30px"",""border-radius"":""15px"",""align-items"":""center"",""flex-direction"":""=if(@currentField , 'row' , 'row-reverse')"",""margin"":""0 auto""},""attributes"":{""class"":""=if(@currentField , 'ms-bgColor-yellow' , 'ms-bgColor-neutralTertiaryAlt ')""},""children"":[{""elmType"":""div"",""style"":{""display"":""flex"",""align-items"":""center"",""justify-content"":""center"",""font-size"":""12px"",""width"":""18px"",""height"":""18px"",""margin-left"":""=if(@currentField , '7px' , '5px')"",""margin-right"":""=if(@currentField , '5px' , '7px')""},""attributes"":{""class"":""ms-fontColor-white""},""txtContent"":""@currentField.displayValue""},{""elmType"":""div"",""style"":{""display"":""flex"",""align-items"":""center"",""justify-content"":""center"",""font-size"":""22px"",""width"":""18px"",""height"":""18px"",""margin-left"":""6px"",""margin-right"":""6px"",""border-radius"":""50%""},""attributes"":{""class"":""ms-fontColor-white"",""iconName"":""StatusCircleInner""}}]}]}"
Dev - Test,ST - Test,List2,Field13,Field,,"{""$schema"":""https://developer.microsoft.com/json-schemas/sp/v2/column-formatting.schema.json"",""elmType"":""div"",""style"":{""display"":""flex"",""width"":""100%"",""height"":""100%"",""align-items"":""center""},""children"":[{""elmType"":""div"",""style"":{""display"":""flex"",""width"":""60px"",""height"":""30px"",""border-radius"":""15px"",""align-items"":""center"",""flex-direction"":""=if(@currentField , 'row' , 'row-reverse')"",""margin"":""0 auto""},""attributes"":{""class"":""=if(@currentField , 'ms-bgColor-yellow' , 'ms-bgColor-neutralTertiaryAlt ')""},""children"":[{""elmType"":""div"",""style"":{""display"":""flex"",""align-items"":""center"",""justify-content"":""center"",""font-size"":""12px"",""width"":""18px"",""height"":""18px"",""margin-left"":""=if(@currentField , '7px' , '5px')"",""margin-right"":""=if(@currentField , '5px' , '7px')""},""attributes"":{""class"":""ms-fontColor-white""},""txtContent"":""@currentField.displayValue""},{""elmType"":""div"",""style"":{""display"":""flex"",""align-items"":""center"",""justify-content"":""center"",""font-size"":""22px"",""width"":""18px"",""height"":""18px"",""margin-left"":""6px"",""margin-right"":""6px"",""border-radius"":""50%""},""attributes"":{""class"":""ms-fontColor-white"",""iconName"":""StatusCircleInner""}}]}]}"
Dev - Test,ST - Test,List3,Field14,Field,"{""$schema"":""https://developer.microsoft.com/json-schemas/sp/v2/column-formatting.schema.json"",""elmType"":""div"",""style"":{""display"":""flex"",""width"":""100%"",""height"":""100%"",""align-items"":""center""},""children"":[{""elmType"":""div"",""style"":{""display"":""flex"",""width"":""60px"",""height"":""30px"",""border-radius"":""15px"",""align-items"":""center"",""flex-direction"":""=if(@currentField , 'row' , 'row-reverse')"",""margin"":""0 auto""},""attributes"":{""class"":""=if(@currentField , 'ms-bgColor-yellow' , 'ms-bgColor-neutralTertiaryAlt ')""},""children"":[{""elmType"":""div"",""style"":{""display"":""flex"",""align-items"":""center"",""justify-content"":""center"",""font-size"":""12px"",""width"":""18px"",""height"":""18px"",""margin-left"":""=if(@currentField , '7px' , '5px')"",""margin-right"":""=if(@currentField , '5px' , '7px')""},""attributes"":{""class"":""ms-fontColor-white""},""txtContent"":""@currentField.displayValue""},{""elmType"":""div"",""style"":{""display"":""flex"",""align-items"":""center"",""justify-content"":""center"",""font-size"":""22px"",""width"":""18px"",""height"":""18px"",""margin-left"":""6px"",""margin-right"":""6px"",""border-radius"":""50%""},""attributes"":{""class"":""ms-fontColor-white"",""iconName"":""StatusCircleInner""}}]}]}","{""$schema"":""https://developer.microsoft.com/json-schemas/sp/v2/column-formatting.schema.json"",""elmType"":""div"",""style"":{""display"":""flex"",""width"":""100%"",""height"":""100%"",""align-items"":""center""},""children"":[{""elmType"":""div"",""style"":{""display"":""flex"",""width"":""60px"",""height"":""30px"",""border-radius"":""15px"",""align-items"":""center"",""flex-direction"":""=if(@currentField , 'row' , 'row-reverse')"",""margin"":""0 auto""},""attributes"":{""class"":""=if(@currentField , 'ms-bgColor-yellow' , 'ms-bgColor-neutralTertiaryAlt ')""},""children"":[{""elmType"":""div"",""style"":{""display"":""flex"",""align-items"":""center"",""justify-content"":""center"",""font-size"":""12px"",""width"":""18px"",""height"":""18px"",""margin-left"":""=if(@currentField , '7px' , '5px')"",""margin-right"":""=if(@currentField , '5px' , '7px')""},""attributes"":{""class"":""ms-fontColor-white""},""txtContent"":""@currentField.displayValue""},{""elmType"":""div"",""style"":{""display"":""flex"",""align-items"":""center"",""justify-content"":""center"",""font-size"":""22px"",""width"":""18px"",""height"":""18px"",""margin-left"":""6px"",""margin-right"":""6px"",""border-radius"":""50%""},""attributes"":{""class"":""ms-fontColor-white"",""iconName"":""StatusCircleInner""}}]}]}"
Dev - Test,ST - Test,List3,Field15,Field,,"{""$schema"":""https://developer.microsoft.com/json-schemas/sp/v2/column-formatting.schema.json"",""elmType"":""div"",""style"":{""display"":""flex"",""width"":""100%"",""height"":""100%"",""align-items"":""center""},""children"":[{""elmType"":""div"",""style"":{""display"":""flex"",""width"":""60px"",""height"":""30px"",""border-radius"":""15px"",""align-items"":""center"",""flex-direction"":""=if(@currentField , 'row' , 'row-reverse')"",""margin"":""0 auto""},""attributes"":{""class"":""=if(@currentField , 'ms-bgColor-yellow' , 'ms-bgColor-neutralTertiaryAlt ')""},""children"":[{""elmType"":""div"",""style"":{""display"":""flex"",""align-items"":""center"",""justify-content"":""center"",""font-size"":""12px"",""width"":""18px"",""height"":""18px"",""margin-left"":""=if(@currentField , '7px' , '5px')"",""margin-right"":""=if(@currentField , '5px' , '7px')""},""attributes"":{""class"":""ms-fontColor-white""},""txtContent"":""@currentField.displayValue""},{""elmType"":""div"",""style"":{""display"":""flex"",""align-items"":""center"",""justify-content"":""center"",""font-size"":""22px"",""width"":""18px"",""height"":""18px"",""margin-left"":""6px"",""margin-right"":""6px"",""border-radius"":""50%""},""attributes"":{""class"":""ms-fontColor-white"",""iconName"":""StatusCircleInner""}}]}]}"
Dev - Test,ST - Test,List3,Field16,Field,,"{""$schema"":""https://developer.microsoft.com/json-schemas/sp/v2/column-formatting.schema.json"",""elmType"":""div"",""style"":{""display"":""flex"",""width"":""100%"",""height"":""100%"",""align-items"":""center""},""children"":[{""elmType"":""div"",""style"":{""display"":""flex"",""width"":""60px"",""height"":""30px"",""border-radius"":""15px"",""align-items"":""center"",""flex-direction"":""=if(@currentField , 'row' , 'row-reverse')"",""margin"":""0 auto""},""attributes"":{""class"":""=if(@currentField , 'ms-bgColor-yellow' , 'ms-bgColor-neutralTertiaryAlt ')""},""children"":[{""elmType"":""div"",""style"":{""display"":""flex"",""align-items"":""center"",""justify-content"":""center"",""font-size"":""12px"",""width"":""18px"",""height"":""18px"",""margin-left"":""=if(@currentField , '7px' , '5px')"",""margin-right"":""=if(@currentField , '5px' , '7px')""},""attributes"":{""class"":""ms-fontColor-white""},""txtContent"":""@currentField.displayValue""},{""elmType"":""div"",""style"":{""display"":""flex"",""align-items"":""center"",""justify-content"":""center"",""font-size"":""22px"",""width"":""18px"",""height"":""18px"",""margin-left"":""6px"",""margin-right"":""6px"",""border-radius"":""50%""},""attributes"":{""class"":""ms-fontColor-white"",""iconName"":""StatusCircleInner""}}]}]}"
Dev - Test,ST - Test,List3,Field17,Field,,"{""$schema"":""https://developer.microsoft.com/json-schemas/sp/v2/column-formatting.schema.json"",""elmType"":""div"",""style"":{""display"":""flex"",""width"":""100%"",""height"":""100%"",""align-items"":""center""},""children"":[{""elmType"":""div"",""style"":{""display"":""flex"",""width"":""60px"",""height"":""30px"",""border-radius"":""15px"",""align-items"":""center"",""flex-direction"":""=if(@currentField , 'row' , 'row-reverse')"",""margin"":""0 auto""},""attributes"":{""class"":""=if(@currentField , 'ms-bgColor-yellow' , 'ms-bgColor-neutralTertiaryAlt ')""},""children"":[{""elmType"":""div"",""style"":{""display"":""flex"",""align-items"":""center"",""justify-content"":""center"",""font-size"":""12px"",""width"":""18px"",""height"":""18px"",""margin-left"":""=if(@currentField , '7px' , '5px')"",""margin-right"":""=if(@currentField , '5px' , '7px')""},""attributes"":{""class"":""ms-fontColor-white""},""txtContent"":""@currentField.displayValue""},{""elmType"":""div"",""style"":{""display"":""flex"",""align-items"":""center"",""justify-content"":""center"",""font-size"":""22px"",""width"":""18px"",""height"":""18px"",""margin-left"":""6px"",""margin-right"":""6px"",""border-radius"":""50%""},""attributes"":{""class"":""ms-fontColor-white"",""iconName"":""StatusCircleInner""}}]}]}"
Dev - Test,ST - Test,List3,Field18,Field,,"{""$schema"":""https://developer.microsoft.com/json-schemas/sp/v2/column-formatting.schema.json"",""elmType"":""div"",""style"":{""display"":""flex"",""width"":""100%"",""height"":""100%"",""align-items"":""center""},""children"":[{""elmType"":""div"",""style"":{""display"":""flex"",""width"":""60px"",""height"":""30px"",""border-radius"":""15px"",""align-items"":""center"",""flex-direction"":""=if(@currentField , 'row' , 'row-reverse')"",""margin"":""0 auto""},""attributes"":{""class"":""=if(@currentField , 'ms-bgColor-yellow' , 'ms-bgColor-neutralTertiaryAlt ')""},""children"":[{""elmType"":""div"",""style"":{""display"":""flex"",""align-items"":""center"",""justify-content"":""center"",""font-size"":""12px"",""width"":""18px"",""height"":""18px"",""margin-left"":""=if(@currentField , '7px' , '5px')"",""margin-right"":""=if(@currentField , '5px' , '7px')""},""attributes"":{""class"":""ms-fontColor-white""},""txtContent"":""@currentField.displayValue""},{""elmType"":""div"",""style"":{""display"":""flex"",""align-items"":""center"",""justify-content"":""center"",""font-size"":""22px"",""width"":""18px"",""height"":""18px"",""margin-left"":""6px"",""margin-right"":""6px"",""border-radius"":""50%""},""attributes"":{""class"":""ms-fontColor-white"",""iconName"":""StatusCircleInner""}}]}]}"
Dev - Test,ST - Test,List3,Field19,Field,,"{""$schema"":""https://developer.microsoft.com/json-schemas/sp/v2/column-formatting.schema.json"",""elmType"":""div"",""style"":{""display"":""flex"",""width"":""100%"",""height"":""100%"",""align-items"":""center""},""children"":[{""elmType"":""div"",""style"":{""display"":""flex"",""width"":""60px"",""height"":""30px"",""border-radius"":""15px"",""align-items"":""center"",""flex-direction"":""=if(@currentField , 'row' , 'row-reverse')"",""margin"":""0 auto""},""attributes"":{""class"":""=if(@currentField , 'ms-bgColor-yellow' , 'ms-bgColor-neutralTertiaryAlt ')""},""children"":[{""elmType"":""div"",""style"":{""display"":""flex"",""align-items"":""center"",""justify-content"":""center"",""font-size"":""12px"",""width"":""18px"",""height"":""18px"",""margin-left"":""=if(@currentField , '7px' , '5px')"",""margin-right"":""=if(@currentField , '5px' , '7px')""},""attributes"":{""class"":""ms-fontColor-white""},""txtContent"":""@currentField.displayValue""},{""elmType"":""div"",""style"":{""display"":""flex"",""align-items"":""center"",""justify-content"":""center"",""font-size"":""22px"",""width"":""18px"",""height"":""18px"",""margin-left"":""6px"",""margin-right"":""6px"",""border-radius"":""50%""},""attributes"":{""class"":""ms-fontColor-white"",""iconName"":""StatusCircleInner""}}]}]}"
Dev - Test,ST - Test,List3,Field20,Field,,"{""$schema"":""https://developer.microsoft.com/json-schemas/sp/v2/column-formatting.schema.json"",""elmType"":""div"",""style"":{""display"":""flex"",""width"":""100%"",""height"":""100%"",""align-items"":""center""},""children"":[{""elmType"":""div"",""style"":{""display"":""flex"",""width"":""60px"",""height"":""30px"",""border-radius"":""15px"",""align-items"":""center"",""flex-direction"":""=if(@currentField , 'row' , 'row-reverse')"",""margin"":""0 auto""},""attributes"":{""class"":""=if(@currentField , 'ms-bgColor-yellow' , 'ms-bgColor-neutralTertiaryAlt ')""},""children"":[{""elmType"":""div"",""style"":{""display"":""flex"",""align-items"":""center"",""justify-content"":""center"",""font-size"":""12px"",""width"":""18px"",""height"":""18px"",""margin-left"":""=if(@currentField , '7px' , '5px')"",""margin-right"":""=if(@currentField , '5px' , '7px')""},""attributes"":{""class"":""ms-fontColor-white""},""txtContent"":""@currentField.displayValue""},{""elmType"":""div"",""style"":{""display"":""flex"",""align-items"":""center"",""justify-content"":""center"",""font-size"":""22px"",""width"":""18px"",""height"":""18px"",""margin-left"":""6px"",""margin-right"":""6px"",""border-radius"":""50%""},""attributes"":{""class"":""ms-fontColor-white"",""iconName"":""StatusCircleInner""}}]}]}"
Dev - Test,ST - Test,List3,Field21,Field,,"{""$schema"":""https://developer.microsoft.com/json-schemas/sp/v2/column-formatting.schema.json"",""elmType"":""div"",""style"":{""display"":""flex"",""width"":""100%"",""height"":""100%"",""align-items"":""center""},""children"":[{""elmType"":""div"",""style"":{""display"":""flex"",""width"":""60px"",""height"":""30px"",""border-radius"":""15px"",""align-items"":""center"",""flex-direction"":""=if(@currentField , 'row' , 'row-reverse')"",""margin"":""0 auto""},""attributes"":{""class"":""=if(@currentField , 'ms-bgColor-yellow' , 'ms-bgColor-neutralTertiaryAlt ')""},""children"":[{""elmType"":""div"",""style"":{""display"":""flex"",""align-items"":""center"",""justify-content"":""center"",""font-size"":""12px"",""width"":""18px"",""height"":""18px"",""margin-left"":""=if(@currentField , '7px' , '5px')"",""margin-right"":""=if(@currentField , '5px' , '7px')""},""attributes"":{""class"":""ms-fontColor-white""},""txtContent"":""@currentField.displayValue""},{""elmType"":""div"",""style"":{""display"":""flex"",""align-items"":""center"",""justify-content"":""center"",""font-size"":""22px"",""width"":""18px"",""height"":""18px"",""margin-left"":""6px"",""margin-right"":""6px"",""border-radius"":""50%""},""attributes"":{""class"":""ms-fontColor-white"",""iconName"":""StatusCircleInner""}}]}]}"
Dev - Test,ST - Test,List3,Field22,Field,,"{""$schema"":""https://developer.microsoft.com/json-schemas/sp/v2/column-formatting.schema.json"",""elmType"":""div"",""style"":{""display"":""flex"",""width"":""100%"",""height"":""100%"",""align-items"":""center""},""children"":[{""elmType"":""div"",""style"":{""display"":""flex"",""width"":""60px"",""height"":""30px"",""border-radius"":""15px"",""align-items"":""center"",""flex-direction"":""=if(@currentField , 'row' , 'row-reverse')"",""margin"":""0 auto""},""attributes"":{""class"":""=if(@currentField , 'ms-bgColor-yellow' , 'ms-bgColor-neutralTertiaryAlt ')""},""children"":[{""elmType"":""div"",""style"":{""display"":""flex"",""align-items"":""center"",""justify-content"":""center"",""font-size"":""12px"",""width"":""18px"",""height"":""18px"",""margin-left"":""=if(@currentField , '7px' , '5px')"",""margin-right"":""=if(@currentField , '5px' , '7px')""},""attributes"":{""class"":""ms-fontColor-white""},""txtContent"":""@currentField.displayValue""},{""elmType"":""div"",""style"":{""display"":""flex"",""align-items"":""center"",""justify-content"":""center"",""font-size"":""22px"",""width"":""18px"",""height"":""18px"",""margin-left"":""6px"",""margin-right"":""6px"",""border-radius"":""50%""},""attributes"":{""class"":""ms-fontColor-white"",""iconName"":""StatusCircleInner""}}]}]}"
Dev - Test,ST - Test,List3,Field23,Field,,"{""$schema"":""https://developer.microsoft.com/json-schemas/sp/v2/column-formatting.schema.json"",""elmType"":""div"",""style"":{""display"":""flex"",""width"":""100%"",""height"":""100%"",""align-items"":""center""},""children"":[{""elmType"":""div"",""style"":{""display"":""flex"",""width"":""60px"",""height"":""30px"",""border-radius"":""15px"",""align-items"":""center"",""flex-direction"":""=if(@currentField , 'row' , 'row-reverse')"",""margin"":""0 auto""},""attributes"":{""class"":""=if(@currentField , 'ms-bgColor-yellow' , 'ms-bgColor-neutralTertiaryAlt ')""},""children"":[{""elmType"":""div"",""style"":{""display"":""flex"",""align-items"":""center"",""justify-content"":""center"",""font-size"":""12px"",""width"":""18px"",""height"":""18px"",""margin-left"":""=if(@currentField , '7px' , '5px')"",""margin-right"":""=if(@currentField , '5px' , '7px')""},""attributes"":{""class"":""ms-fontColor-white""},""txtContent"":""@currentField.displayValue""},{""elmType"":""div"",""style"":{""display"":""flex"",""align-items"":""center"",""justify-content"":""center"",""font-size"":""22px"",""width"":""18px"",""height"":""18px"",""margin-left"":""6px"",""margin-right"":""6px"",""border-radius"":""50%""},""attributes"":{""class"":""ms-fontColor-white"",""iconName"":""StatusCircleInner""}}]}]}"
Dev - Test,ST - Test,List3,Field24,Field,,"{""$schema"":""https://developer.microsoft.com/json-schemas/sp/v2/column-formatting.schema.json"",""elmType"":""div"",""style"":{""display"":""flex"",""width"":""100%"",""height"":""100%"",""align-items"":""center""},""children"":[{""elmType"":""div"",""style"":{""display"":""flex"",""width"":""60px"",""height"":""30px"",""border-radius"":""15px"",""align-items"":""center"",""flex-direction"":""=if(@currentField , 'row' , 'row-reverse')"",""margin"":""0 auto""},""attributes"":{""class"":""=if(@currentField , 'ms-bgColor-yellow' , 'ms-bgColor-neutralTertiaryAlt ')""},""children"":[{""elmType"":""div"",""style"":{""display"":""flex"",""align-items"":""center"",""justify-content"":""center"",""font-size"":""12px"",""width"":""18px"",""height"":""18px"",""margin-left"":""=if(@currentField , '7px' , '5px')"",""margin-right"":""=if(@currentField , '5px' , '7px')""},""attributes"":{""class"":""ms-fontColor-white""},""txtContent"":""@currentField.displayValue""},{""elmType"":""div"",""style"":{""display"":""flex"",""align-items"":""center"",""justify-content"":""center"",""font-size"":""22px"",""width"":""18px"",""height"":""18px"",""margin-left"":""6px"",""margin-right"":""6px"",""border-radius"":""50%""},""attributes"":{""class"":""ms-fontColor-white"",""iconName"":""StatusCircleInner""}}]}]}"
Dev - Test,ST - Test,List3,Field25,Field,,"{""$schema"":""https://developer.microsoft.com/json-schemas/sp/v2/column-formatting.schema.json"",""elmType"":""div"",""style"":{""display"":""flex"",""width"":""100%"",""height"":""100%"",""align-items"":""center""},""children"":[{""elmType"":""div"",""style"":{""display"":""flex"",""width"":""60px"",""height"":""30px"",""border-radius"":""15px"",""align-items"":""center"",""flex-direction"":""=if(@currentField , 'row' , 'row-reverse')"",""margin"":""0 auto""},""attributes"":{""class"":""=if(@currentField , 'ms-bgColor-yellow' , 'ms-bgColor-neutralTertiaryAlt ')""},""children"":[{""elmType"":""div"",""style"":{""display"":""flex"",""align-items"":""center"",""justify-content"":""center"",""font-size"":""12px"",""width"":""18px"",""height"":""18px"",""margin-left"":""=if(@currentField , '7px' , '5px')"",""margin-right"":""=if(@currentField , '5px' , '7px')""},""attributes"":{""class"":""ms-fontColor-white""},""txtContent"":""@currentField.displayValue""},{""elmType"":""div"",""style"":{""display"":""flex"",""align-items"":""center"",""justify-content"":""center"",""font-size"":""22px"",""width"":""18px"",""height"":""18px"",""margin-left"":""6px"",""margin-right"":""6px"",""border-radius"":""50%""},""attributes"":{""class"":""ms-fontColor-white"",""iconName"":""StatusCircleInner""}}]}]}"
Dev - Test,ST - Test,List3,Field26,Field,,"{""$schema"":""https://developer.microsoft.com/json-schemas/sp/v2/column-formatting.schema.json"",""elmType"":""div"",""style"":{""display"":""flex"",""width"":""100%"",""height"":""100%"",""align-items"":""center""},""children"":[{""elmType"":""div"",""style"":{""display"":""flex"",""width"":""60px"",""height"":""30px"",""border-radius"":""15px"",""align-items"":""center"",""flex-direction"":""=if(@currentField , 'row' , 'row-reverse')"",""margin"":""0 auto""},""attributes"":{""class"":""=if(@currentField , 'ms-bgColor-yellow' , 'ms-bgColor-neutralTertiaryAlt ')""},""children"":[{""elmType"":""div"",""style"":{""display"":""flex"",""align-items"":""center"",""justify-content"":""center"",""font-size"":""12px"",""width"":""18px"",""height"":""18px"",""margin-left"":""=if(@currentField , '7px' , '5px')"",""margin-right"":""=if(@currentField , '5px' , '7px')""},""attributes"":{""class"":""ms-fontColor-white""},""txtContent"":""@currentField.displayValue""},{""elmType"":""div"",""style"":{""display"":""flex"",""align-items"":""center"",""justify-content"":""center"",""font-size"":""22px"",""width"":""18px"",""height"":""18px"",""margin-left"":""6px"",""margin-right"":""6px"",""border-radius"":""50%""},""attributes"":{""class"":""ms-fontColor-white"",""iconName"":""StatusCircleInner""}}]}]}"
Dev - Test,ST - Test,List3,Field27,Field,,"{""$schema"":""https://developer.microsoft.com/json-schemas/sp/v2/column-formatting.schema.json"",""elmType"":""div"",""style"":{""display"":""flex"",""width"":""100%"",""height"":""100%"",""align-items"":""center""},""children"":[{""elmType"":""div"",""style"":{""display"":""flex"",""width"":""60px"",""height"":""30px"",""border-radius"":""15px"",""align-items"":""center"",""flex-direction"":""=if(@currentField , 'row' , 'row-reverse')"",""margin"":""0 auto""},""attributes"":{""class"":""=if(@currentField , 'ms-bgColor-yellow' , 'ms-bgColor-neutralTertiaryAlt ')""},""children"":[{""elmType"":""div"",""style"":{""display"":""flex"",""align-items"":""center"",""justify-content"":""center"",""font-size"":""12px"",""width"":""18px"",""height"":""18px"",""margin-left"":""=if(@currentField , '7px' , '5px')"",""margin-right"":""=if(@currentField , '5px' , '7px')""},""attributes"":{""class"":""ms-fontColor-white""},""txtContent"":""@currentField.displayValue""},{""elmType"":""div"",""style"":{""display"":""flex"",""align-items"":""center"",""justify-content"":""center"",""font-size"":""22px"",""width"":""18px"",""height"":""18px"",""margin-left"":""6px"",""margin-right"":""6px"",""border-radius"":""50%""},""attributes"":{""class"":""ms-fontColor-white"",""iconName"":""StatusCircleInner""}}]}]}"
Dev - Test,ST - Test,List3 ,View 1 ,View,,"{""$schema"":""https://developer.microsoft.com/json-schemas/sp/v2/column-formatting.schema.json"",""elmType"":""div"",""style"":{""display"":""flex"",""width"":""100%"",""height"":""100%"",""align-items"":""center""},""children"":[{""elmType"":""div"",""style"":{""display"":""flex"",""width"":""60px"",""height"":""30px"",""border-radius"":""15px"",""align-items"":""center"",""flex-direction"":""=if(@currentField , 'row' , 'row-reverse')"",""margin"":""0 auto""},""attributes"":{""class"":""=if(@currentField , 'ms-bgColor-yellow' , 'ms-bgColor-neutralTertiaryAlt ')""},""children"":[{""elmType"":""div"",""style"":{""display"":""flex"",""align-items"":""center"",""justify-content"":""center"",""font-size"":""12px"",""width"":""18px"",""height"":""18px"",""margin-left"":""=if(@currentField , '7px' , '5px')"",""margin-right"":""=if(@currentField , '5px' , '7px')""},""attributes"":{""class"":""ms-fontColor-white""},""txtContent"":""@currentField.displayValue""},{""elmType"":""div"",""style"":{""display"":""flex"",""align-items"":""center"",""justify-content"":""center"",""font-size"":""22px"",""width"":""18px"",""height"":""18px"",""margin-left"":""6px"",""margin-right"":""6px"",""border-radius"":""50%""},""attributes"":{""class"":""ms-fontColor-white"",""iconName"":""StatusCircleInner""}}]}]}"
Dev - Test,ST - Test,Lib1,Field29,Field,,"{""$schema"":""https://developer.microsoft.com/json-schemas/sp/v2/column-formatting.schema.json"",""elmType"":""div"",""style"":{""display"":""flex"",""width"":""100%"",""height"":""100%"",""align-items"":""center""},""children"":[{""elmType"":""div"",""style"":{""display"":""flex"",""width"":""60px"",""height"":""30px"",""border-radius"":""15px"",""align-items"":""center"",""flex-direction"":""=if(@currentField , 'row' , 'row-reverse')"",""margin"":""0 auto""},""attributes"":{""class"":""=if(@currentField , 'ms-bgColor-yellow' , 'ms-bgColor-neutralTertiaryAlt ')""},""children"":[{""elmType"":""div"",""style"":{""display"":""flex"",""align-items"":""center"",""justify-content"":""center"",""font-size"":""12px"",""width"":""18px"",""height"":""18px"",""margin-left"":""=if(@currentField , '7px' , '5px')"",""margin-right"":""=if(@currentField , '5px' , '7px')""},""attributes"":{""class"":""ms-fontColor-white""},""txtContent"":""@currentField.displayValue""},{""elmType"":""div"",""style"":{""display"":""flex"",""align-items"":""center"",""justify-content"":""center"",""font-size"":""22px"",""width"":""18px"",""height"":""18px"",""margin-left"":""6px"",""margin-right"":""6px"",""border-radius"":""50%""},""attributes"":{""class"":""ms-fontColor-white"",""iconName"":""StatusCircleInner""}}]}]}"
Dev - Test,ST - Test,Lib1,Field30,Field,,"{""$schema"":""https://developer.microsoft.com/json-schemas/sp/v2/column-formatting.schema.json"",""elmType"":""div"",""style"":{""display"":""flex"",""width"":""100%"",""height"":""100%"",""align-items"":""center""},""children"":[{""elmType"":""div"",""style"":{""display"":""flex"",""width"":""60px"",""height"":""30px"",""border-radius"":""15px"",""align-items"":""center"",""flex-direction"":""=if(@currentField , 'row' , 'row-reverse')"",""margin"":""0 auto""},""attributes"":{""class"":""=if(@currentField , 'ms-bgColor-yellow' , 'ms-bgColor-neutralTertiaryAlt ')""},""children"":[{""elmType"":""div"",""style"":{""display"":""flex"",""align-items"":""center"",""justify-content"":""center"",""font-size"":""12px"",""width"":""18px"",""height"":""18px"",""margin-left"":""=if(@currentField , '7px' , '5px')"",""margin-right"":""=if(@currentField , '5px' , '7px')""},""attributes"":{""class"":""ms-fontColor-white""},""txtContent"":""@currentField.displayValue""},{""elmType"":""div"",""style"":{""display"":""flex"",""align-items"":""center"",""justify-content"":""center"",""font-size"":""22px"",""width"":""18px"",""height"":""18px"",""margin-left"":""6px"",""margin-right"":""6px"",""border-radius"":""50%""},""attributes"":{""class"":""ms-fontColor-white"",""iconName"":""StatusCircleInner""}}]}]}"
Dev - Test,ST - Test,Lib1,Field31,Field,,"{""$schema"":""https://developer.microsoft.com/json-schemas/sp/v2/column-formatting.schema.json"",""elmType"":""div"",""style"":{""display"":""flex"",""width"":""100%"",""height"":""100%"",""align-items"":""center""},""children"":[{""elmType"":""div"",""style"":{""display"":""flex"",""width"":""60px"",""height"":""30px"",""border-radius"":""15px"",""align-items"":""center"",""flex-direction"":""=if(@currentField , 'row' , 'row-reverse')"",""margin"":""0 auto""},""attributes"":{""class"":""=if(@currentField , 'ms-bgColor-yellow' , 'ms-bgColor-neutralTertiaryAlt ')""},""children"":[{""elmType"":""div"",""style"":{""display"":""flex"",""align-items"":""center"",""justify-content"":""center"",""font-size"":""12px"",""width"":""18px"",""height"":""18px"",""margin-left"":""=if(@currentField , '7px' , '5px')"",""margin-right"":""=if(@currentField , '5px' , '7px')""},""attributes"":{""class"":""ms-fontColor-white""},""txtContent"":""@currentField.displayValue""},{""elmType"":""div"",""style"":{""display"":""flex"",""align-items"":""center"",""justify-content"":""center"",""font-size"":""22px"",""width"":""18px"",""height"":""18px"",""margin-left"":""6px"",""margin-right"":""6px"",""border-radius"":""50%""},""attributes"":{""class"":""ms-fontColor-white"",""iconName"":""StatusCircleInner""}}]}]}"
Dev - Test,ST - Test,Lib1,Field32,Field,,"{""$schema"":""https://developer.microsoft.com/json-schemas/sp/v2/column-formatting.schema.json"",""elmType"":""div"",""style"":{""display"":""flex"",""width"":""100%"",""height"":""100%"",""align-items"":""center""},""children"":[{""elmType"":""div"",""style"":{""display"":""flex"",""width"":""60px"",""height"":""30px"",""border-radius"":""15px"",""align-items"":""center"",""flex-direction"":""=if(@currentField , 'row' , 'row-reverse')"",""margin"":""0 auto""},""attributes"":{""class"":""=if(@currentField , 'ms-bgColor-yellow' , 'ms-bgColor-neutralTertiaryAlt ')""},""children"":[{""elmType"":""div"",""style"":{""display"":""flex"",""align-items"":""center"",""justify-content"":""center"",""font-size"":""12px"",""width"":""18px"",""height"":""18px"",""margin-left"":""=if(@currentField , '7px' , '5px')"",""margin-right"":""=if(@currentField , '5px' , '7px')""},""attributes"":{""class"":""ms-fontColor-white""},""txtContent"":""@currentField.displayValue""},{""elmType"":""div"",""style"":{""display"":""flex"",""align-items"":""center"",""justify-content"":""center"",""font-size"":""22px"",""width"":""18px"",""height"":""18px"",""margin-left"":""6px"",""margin-right"":""6px"",""border-radius"":""50%""},""attributes"":{""class"":""ms-fontColor-white"",""iconName"":""StatusCircleInner""}}]}]}"
Dev - Test,ST - Test,Lib1,Field33,Field,,"{""$schema"":""https://developer.microsoft.com/json-schemas/sp/v2/column-formatting.schema.json"",""elmType"":""div"",""style"":{""display"":""flex"",""width"":""100%"",""height"":""100%"",""align-items"":""center""},""children"":[{""elmType"":""div"",""style"":{""display"":""flex"",""width"":""60px"",""height"":""30px"",""border-radius"":""15px"",""align-items"":""center"",""flex-direction"":""=if(@currentField , 'row' , 'row-reverse')"",""margin"":""0 auto""},""attributes"":{""class"":""=if(@currentField , 'ms-bgColor-yellow' , 'ms-bgColor-neutralTertiaryAlt ')""},""children"":[{""elmType"":""div"",""style"":{""display"":""flex"",""align-items"":""center"",""justify-content"":""center"",""font-size"":""12px"",""width"":""18px"",""height"":""18px"",""margin-left"":""=if(@currentField , '7px' , '5px')"",""margin-right"":""=if(@currentField , '5px' , '7px')""},""attributes"":{""class"":""ms-fontColor-white""},""txtContent"":""@currentField.displayValue""},{""elmType"":""div"",""style"":{""display"":""flex"",""align-items"":""center"",""justify-content"":""center"",""font-size"":""22px"",""width"":""18px"",""height"":""18px"",""margin-left"":""6px"",""margin-right"":""6px"",""border-radius"":""50%""},""attributes"":{""class"":""ms-fontColor-white"",""iconName"":""StatusCircleInner""}}]}]}"
Dev - Test,ST - Test,Lib2,Field34,Field,,"{""$schema"":""https://developer.microsoft.com/json-schemas/sp/v2/column-formatting.schema.json"",""elmType"":""div"",""style"":{""display"":""flex"",""width"":""100%"",""height"":""100%"",""align-items"":""center""},""children"":[{""elmType"":""div"",""style"":{""display"":""flex"",""width"":""60px"",""height"":""30px"",""border-radius"":""15px"",""align-items"":""center"",""flex-direction"":""=if(@currentField , 'row' , 'row-reverse')"",""margin"":""0 auto""},""attributes"":{""class"":""=if(@currentField , 'ms-bgColor-yellow' , 'ms-bgColor-neutralTertiaryAlt ')""},""children"":[{""elmType"":""div"",""style"":{""display"":""flex"",""align-items"":""center"",""justify-content"":""center"",""font-size"":""12px"",""width"":""18px"",""height"":""18px"",""margin-left"":""=if(@currentField , '7px' , '5px')"",""margin-right"":""=if(@currentField , '5px' , '7px')""},""attributes"":{""class"":""ms-fontColor-white""},""txtContent"":""@currentField.displayValue""},{""elmType"":""div"",""style"":{""display"":""flex"",""align-items"":""center"",""justify-content"":""center"",""font-size"":""22px"",""width"":""18px"",""height"":""18px"",""margin-left"":""6px"",""margin-right"":""6px"",""border-radius"":""50%""},""attributes"":{""class"":""ms-fontColor-white"",""iconName"":""StatusCircleInner""}}]}]}"
Dev - Test,ST - Test,Lib2,Field35,Field,,"{""$schema"":""https://developer.microsoft.com/json-schemas/sp/v2/column-formatting.schema.json"",""elmType"":""div"",""style"":{""display"":""flex"",""width"":""100%"",""height"":""100%"",""align-items"":""center""},""children"":[{""elmType"":""div"",""style"":{""display"":""flex"",""width"":""60px"",""height"":""30px"",""border-radius"":""15px"",""align-items"":""center"",""flex-direction"":""=if(@currentField , 'row' , 'row-reverse')"",""margin"":""0 auto""},""attributes"":{""class"":""=if(@currentField , 'ms-bgColor-yellow' , 'ms-bgColor-neutralTertiaryAlt ')""},""children"":[{""elmType"":""div"",""style"":{""display"":""flex"",""align-items"":""center"",""justify-content"":""center"",""font-size"":""12px"",""width"":""18px"",""height"":""18px"",""margin-left"":""=if(@currentField , '7px' , '5px')"",""margin-right"":""=if(@currentField , '5px' , '7px')""},""attributes"":{""class"":""ms-fontColor-white""},""txtContent"":""@currentField.displayValue""},{""elmType"":""div"",""style"":{""display"":""flex"",""align-items"":""center"",""justify-content"":""center"",""font-size"":""22px"",""width"":""18px"",""height"":""18px"",""margin-left"":""6px"",""margin-right"":""6px"",""border-radius"":""50%""},""attributes"":{""class"":""ms-fontColor-white"",""iconName"":""StatusCircleInner""}}]}]}"
Dev - Test,ST - Test,Lib2,Field36,Field,,"{""$schema"":""https://developer.microsoft.com/json-schemas/sp/v2/column-formatting.schema.json"",""elmType"":""div"",""style"":{""display"":""flex"",""width"":""100%"",""height"":""100%"",""align-items"":""center""},""children"":[{""elmType"":""div"",""style"":{""display"":""flex"",""width"":""60px"",""height"":""30px"",""border-radius"":""15px"",""align-items"":""center"",""flex-direction"":""=if(@currentField , 'row' , 'row-reverse')"",""margin"":""0 auto""},""attributes"":{""class"":""=if(@currentField , 'ms-bgColor-yellow' , 'ms-bgColor-neutralTertiaryAlt ')""},""children"":[{""elmType"":""div"",""style"":{""display"":""flex"",""align-items"":""center"",""justify-content"":""center"",""font-size"":""12px"",""width"":""18px"",""height"":""18px"",""margin-left"":""=if(@currentField , '7px' , '5px')"",""margin-right"":""=if(@currentField , '5px' , '7px')""},""attributes"":{""class"":""ms-fontColor-white""},""txtContent"":""@currentField.displayValue""},{""elmType"":""div"",""style"":{""display"":""flex"",""align-items"":""center"",""justify-content"":""center"",""font-size"":""22px"",""width"":""18px"",""height"":""18px"",""margin-left"":""6px"",""margin-right"":""6px"",""border-radius"":""50%""},""attributes"":{""class"":""ms-fontColor-white"",""iconName"":""StatusCircleInner""}}]}]}"
Dev - Test,ST - Test,Lib2,Field37,Field,,"{""$schema"":""https://developer.microsoft.com/json-schemas/sp/v2/column-formatting.schema.json"",""elmType"":""div"",""style"":{""display"":""flex"",""width"":""100%"",""height"":""100%"",""align-items"":""center""},""children"":[{""elmType"":""div"",""style"":{""display"":""flex"",""width"":""60px"",""height"":""30px"",""border-radius"":""15px"",""align-items"":""center"",""flex-direction"":""=if(@currentField , 'row' , 'row-reverse')"",""margin"":""0 auto""},""attributes"":{""class"":""=if(@currentField , 'ms-bgColor-yellow' , 'ms-bgColor-neutralTertiaryAlt ')""},""children"":[{""elmType"":""div"",""style"":{""display"":""flex"",""align-items"":""center"",""justify-content"":""center"",""font-size"":""12px"",""width"":""18px"",""height"":""18px"",""margin-left"":""=if(@currentField , '7px' , '5px')"",""margin-right"":""=if(@currentField , '5px' , '7px')""},""attributes"":{""class"":""ms-fontColor-white""},""txtContent"":""@currentField.displayValue""},{""elmType"":""div"",""style"":{""display"":""flex"",""align-items"":""center"",""justify-content"":""center"",""font-size"":""22px"",""width"":""18px"",""height"":""18px"",""margin-left"":""6px"",""margin-right"":""6px"",""border-radius"":""50%""},""attributes"":{""class"":""ms-fontColor-white"",""iconName"":""StatusCircleInner""}}]}]}"
